{"cameraMode":{"drawMode":0,"name":"Shaded","section":"Shading Mode"},"sceneLighting":false,"audioPlay":false,"sceneViewState":{"m_AlwaysRefresh":false,"showFog":true,"showSkybox":false,"showFlares":true,"showImageEffects":true,"showParticleSystems":true,"showVisualEffectGraphs":true,"m_FxEnabled":true},"in2DMode":false,"pivot":{"x":-0.18350008130073548,"y":1.32406485080719,"z":-2.8324506282806398},"rotation":{"x":0.014847851358354092,"y":0.7069476246833801,"z":-0.014848240651190281,"w":0.7069491147994995},"size":0.9881303310394287,"orthographic":true}