{"cameraMode":{"drawMode":0,"name":"Shaded","section":"Shading Mode"},"sceneLighting":false,"audioPlay":false,"sceneViewState":{"m_AlwaysRefresh":false,"showFog":true,"showSkybox":false,"showFlares":true,"showImageEffects":true,"showParticleSystems":true,"showVisualEffectGraphs":true,"m_FxEnabled":true},"in2DMode":false,"pivot":{"x":1649.968994140625,"y":0.29766780138015749,"z":-1550.4676513671875},"rotation":{"x":-0.004238862078636885,"y":0.7077260613441467,"z":0.004246270749717951,"w":0.7064565420150757},"size":0.6567898988723755,"orthographic":true}