{"cameraMode":{"drawMode":0,"name":"Shaded","section":"Shading Mode"},"sceneLighting":true,"audioPlay":false,"sceneViewState":{"m_AlwaysRefresh":false,"showFog":true,"showSkybox":false,"showFlares":true,"showImageEffects":true,"showParticleSystems":true,"showVisualEffectGraphs":true,"m_FxEnabled":true},"in2DMode":false,"pivot":{"x":-1.1912542581558228,"y":0.8812583684921265,"z":7.754753112792969},"rotation":{"x":0.03596273809671402,"y":-0.040462736040353778,"z":0.0014572811778634787,"w":0.9985329508781433},"size":1.053619146347046,"orthographic":true}