{"cameraMode":{"drawMode":0,"name":"Shaded","section":"Shading Mode"},"sceneLighting":false,"audioPlay":false,"sceneViewState":{"m_AlwaysRefresh":false,"showFog":true,"showSkybox":false,"showFlares":true,"showImageEffects":true,"showParticleSystems":true,"showVisualEffectGraphs":true,"m_FxEnabled":true},"in2DMode":false,"pivot":{"x":-3.4848990440368654,"y":0.2130834013223648,"z":7.987637519836426},"rotation":{"x":0.002131412737071514,"y":0.9978650808334351,"z":-0.04493430256843567,"w":0.047332629561424258},"size":1.0475159883499146,"orthographic":true}