{"cameraMode":{"drawMode":0,"name":"Shaded","section":"Shading Mode"},"sceneLighting":false,"audioPlay":false,"sceneViewState":{"m_AlwaysRefresh":false,"showFog":true,"showSkybox":false,"showFlares":true,"showImageEffects":true,"showParticleSystems":true,"showVisualEffectGraphs":true,"m_FxEnabled":true},"in2DMode":false,"pivot":{"x":1651.9022216796875,"y":0.13942906260490418,"z":-1550.0208740234375},"rotation":{"x":-0.004314587917178869,"y":0.6948975920677185,"z":0.00416933186352253,"w":0.7190818786621094},"size":0.5188484787940979,"orthographic":true}