{"cameraMode":{"drawMode":0,"name":"Shaded","section":"Shading Mode"},"sceneLighting":false,"audioPlay":false,"sceneViewState":{"m_AlwaysRefresh":false,"showFog":true,"showSkybox":false,"showFlares":true,"showImageEffects":true,"showParticleSystems":true,"showVisualEffectGraphs":true,"m_FxEnabled":true},"in2DMode":false,"pivot":{"x":1651.2130126953125,"y":0.9120000004768372,"z":-1548.9329833984375},"rotation":{"x":0.23204390704631806,"y":-0.017246834933757783,"z":0.0035797732416540386,"w":0.9721187353134155},"size":0.8660253882408142,"orthographic":false}