{"cameraMode":{"drawMode":0,"name":"Shaded","section":"Shading Mode"},"sceneLighting":false,"audioPlay":false,"sceneViewState":{"m_AlwaysRefresh":false,"showFog":true,"showSkybox":false,"showFlares":true,"showImageEffects":true,"showParticleSystems":true,"showVisualEffectGraphs":true,"m_FxEnabled":true},"in2DMode":false,"pivot":{"x":-114.83072662353516,"y":2711.691650390625,"z":-670.6071166992188},"rotation":{"x":-0.000539906439371407,"y":0.9994586110115051,"z":-0.022491615265607835,"w":-0.023991797119379045},"size":0.6419988870620728,"orthographic":false}