{"cameraMode":{"drawMode":0,"name":"Shaded","section":"Shading Mode"},"sceneLighting":false,"audioPlay":false,"sceneViewState":{"m_AlwaysRefresh":false,"showFog":true,"showSkybox":true,"showFlares":true,"showImageEffects":true,"showParticleSystems":true,"showVisualEffectGraphs":true,"m_FxEnabled":true},"in2DMode":false,"pivot":{"x":16.98975372314453,"y":-1.382982611656189,"z":11.339950561523438},"rotation":{"x":0.15113089978694917,"y":-0.020454470068216325,"z":0.0025687897577881815,"w":0.9878279566764832},"size":4.914388656616211,"orthographic":false}